이름, 나이, e-mail, 부서, 연락처, 성별
김현은, 78, 2v3fymzp@aaa.com, 1g2, 010-4778-4047, 남
정현연, 53, klm6qv7k@aaa.com, g09, 010-9353-9693, 여
이윤호, 35, 4awth1i4@aaa.com, 4fa, 010-7035-.970, 여
윤서아, 76, s5tnrdze@aaa.com, q8d, 010-3476-7134, 남
임채후, 46, srl9ynv8@aaa.com, igq, 010-3446-7234, 여
김주준, 43, 329c390k@aaa.com, u6n, 010-3443-7334, 남
임민서, 38, rwmqa0qz@aaa.com, mvh, 010-5338-9753, 남
임현우, 58, qiprcvur@aaa.com, gid, 010-3358-7633, 남
윤윤우, 33, qgc9mlfd@aaa.com, a5v, 010-3333-7733, 여
임지우, 04, yiex5y24@aaa.com, o2l, 010-3304-7833, 여
박지우, 43, w47i5089@aaa.com, e4r, 010-3243-8032, 여
임채후, 85, zszv07t5@aaa.com, b4q, 010-5685-8456, 남
정도호, 26, 21r7k8ii@aaa.com, f0v, 010-1326-9813, 여
정하진, 96, v39totn4@aaa.com, 9nt, 010-3196-8231, 남
임주준, 42, f6xailu3@aaa.com, 1mh, 010-3142-8431, 남
최현아, 17, z2zyxodt@aaa.com, d1m, 010-3117-8531, 남
최지은, 14, fftuarcl@aaa.com, weu, 010-6314-9863, 남
박예우, 32, 8sz5trv2@aaa.com, 490, 010-3032-8830, 여
임주연, 76, vw2wbwh7@aaa.com, za8, 010-2976-9029, 남
장지우, 41, tkd0r5ae@aaa.com, 1o3, 010-2941-9129, 여
윤현준, 34, zudhzar9@aaa.com, d34, 010-2934-9229, 남
강하진, 84, orrn21a5@aaa.com, a9c, 010-2884-9428, 남
조서준, 82, idtap4ma@aaa.com, isd, 010-7679-8476, 여
윤민후, 93, tui7ahcz@aaa.com, q84, 010-5293-9952, 남
박민은, 96, ay63cqu0@aaa.com, 2yz, 010-2796-9727, 여
최하윤, 72, zm8d8gko@aaa.com, uq2, 010-2772-9827, 여
조주서, 74, 1m9impfn@aaa.com, zbr, 010-9274-9992, 남
최지윤, 04, k9oszfkf@aaa.com, vb9, 010-2704-0027, 여
김민연, 77, 4wowda77@aaa.com, ki9, 010-2677-0126, 여
장예원, 65, zwgn9o9v@aaa.com, 6yk, 010-2265-0022, 남
강하원, 35, sq0lqm5i@aaa.com, uy3, 010-2635-0326, 여
김예연, 61, 8w17mdmg@aaa.com, 743, 010-4261-0042, 남
장채아, 78, qrltbviz@aaa.com, 50w, 010-2578-0525, 여
최하준, 72, wfewai06@aaa.com, 4px, 010-6772-4867, 여
정도진, 56, 7skcpuk2@aaa.com, btg, 010-2556-0625, 남
김지원, 27, s6fvdrww@aaa.com, z6k, 010-2527-0725, 여
김주서, 98, 9b4vahmf@aaa.com, 1gz, 010-2498-0824, 여
윤주원, 47, ds58c17a@aaa.com, qhg, 010-9247-0092, 여
임채호, 53, d1s3edm3@aaa.com, brp, 010-2453-1024, 남
장주우, 29, ldw557xf@aaa.com, 49f, 010-2429-1124, 여
정주은, 92, bq2r5rv4@aaa.com, yfc, 010-2392-1223, 여
조지후, 65, mpwizy2a@aaa.com, 3az, 010-2365-1323, 남
윤지윤, 39, zahdzypz@aaa.com, ay3, 010-4239-0142, 남
이현진, 82, lc30lnrw@aaa.com, 9q0, 010-2282-1622, 여
김하후, 68, nwk8nk59@aaa.com, ef4, 010-4968-.849, 여
김도윤, 25, bbcgiytp@aaa.com, tdq, 010-7225-0172, 여
김지원, 23, a54g0we2@aaa.com, kwd, 010-8223-0182, 여
장도아, 96, btuoe4fq@aaa.com, 4dv, 010-2196-1921, 여
이현우, 17, mlryw8vy@aaa.com, 7mq, 010-0217-0202, 여
임지진, 42, bwo8rrgw@aaa.com, zlp, 010-2142-2121, 남
최현원, 18, htnsbfft@aaa.com, 978, 010-2118-2221, 남
윤서원, 21, vtcvxs64@aaa.com, 772, 010-2321-.023, 남
장채후, 76, v5wkgm88@aaa.com, xm8, 010-2076-2420, 남
강도서, 24, 9ioh4mad@aaa.com, z67, 010-2024-2620, 남
윤예진, 72, qavzdzpy@aaa.com, c46, 010-0272-8.02, 남
이예연, 13, 9yzn075g@aaa.com, cok, 010-6713-5067, 여
박민원, 99, 37sw3ta7@aaa.com, vdu, 010-8199-0281, 여
장도서, 39, afgq2zlg@aaa.com, vtt, 010-1939-2919, 남
박도은, 07, 6ucr2zab@aaa.com, 7px, 010-1907-3019, 여
최민진, 88, dcdx2pqq@aaa.com, m9o, 010-1188-0311, 여
김지아, 86, unoh00zo@aaa.com, zz7, 010-2186-0321, 여
윤주우, 15, yh19uch7@aaa.com, fye, 010-4515-.045, 남
윤주원, 52, pyc4oha8@aaa.com, m6d, 010-6152-0461, 여
정예호, 31, wlb5t21y@aaa.com, lcp, 010-1431-4814, 남
박지준, 14, mtwlamiu@aaa.com, x6n, 010-1414-4914, 남
강도우, 65, bz1qt0kg@aaa.com, kgn, 010-1365-5113, 남
최지호, 73, ve7bvici@aaa.com, xmy, 010-6673-5266, 남
조주호, 38, 11puupze@aaa.com, 463, 010-5314-.053, 남
윤하서, 26, bfolh5e7@aaa.com, nfa, 010-4126-0541, 여
박윤연, 25, rezkfafi@aaa.com, nmc, 010-5125-0551, 여
이채호, 22, 9znha065@aaa.com, izt, 010-6122-0561, 남
임민은, 17, ezz3y7wx@aaa.com, e4m, 010-8117-0581, 여
이주서, 35, spdubgue@aaa.com, uby, 010-1135-5911, 여
강하아, 25, voha3a0p@aaa.com, f72, 010-1125-6011, 여
조예은, 12, 0q5ixtv9@aaa.com, yoy, 010-1112-6111, 여
강하후, 34, l6uc7t9d@aaa.com, iwy, 010-1034-6310, 남
조민후, 41, tibgqtwi@aaa.com, riu, 010-0641-8.06, 남
이윤은, 34, f0dt5ene@aaa.com, 6qi, 010-6634-5366, 남
이지연, 46, 1knm77pt@aaa.com, l8h, 010-0946-6609, 여
강민호, 15, w3zbgine@aaa.com, tua, 010-0915-6709, 여
이도원, 89, 319pkkw3@aaa.com, y6i, 010-8089-0680, 남
윤현은, 58, cu030o13@aaa.com, pf5, 010-0858-6908, 남
김주윤, 53, xbl9v9w3@aaa.com, s8g, 010-0853-7008, 남
장지후, 24, kknxg7db@aaa.com, v4h, 010-0824-7108, 남
박현서, 97, ci7csb3z@aaa.com, 774, 010-0797-7207, 여
이도우, 77, u6r7gtw6@aaa.com, 23d, 010-3077-0730, 남
윤하서, 43, a2v53ln7@aaa.com, xa4, 010-0743-7407, 남
김지윤, 06, b4uvp4k6@aaa.com, 2sd, 010-0706-7507, 여
박지아, 58, ci0hbzu0@aaa.com, kdn, 010-5658-8556, 여
이지서, 69, txx1zbqg@aaa.com, 0sv, 010-6069-0760, 남
이지연, 44, z6e4x9cr@aaa.com, fem, 010-0644-7806, 남
이윤우, 61, q1oknsar@aaa.com, zbc, 010-9061-0790, 남
장지은, 61, 3igvv7k1@aaa.com, 8gq, 010-9061-0790, 여
이채서, 79, 8ghm0xqn@aaa.com, fef, 010-0579-8005, 여
강지호, 56, qysmn7zz@aaa.com, 2vq, 010-0556-8105, 여
강윤윤, 53, ofzhdhy0@aaa.com, 7yz, 010-2053-0820, 남
윤지원, 03, brf9crc5@aaa.com, 0kn, 010-0503-8305, 남
장하진, 66, bx2g9fc0@aaa.com, z61, 010-0466-8404, 여
정윤우, 46, cnt3zdmw@aaa.com, ze9, 010-0446-8504, 여
임주원, 58, 33gws6nt@aaa.com, 589, 010-6558-5665, 여
조현은, 05, b3uq8oz1@aaa.com, zpk, 010-0405-8604, 여
박도호, 95, ndzu4twr@aaa.com, 4m1, 010-0395-8703, 남
조주진, 68, mcb6iozi@aaa.com, gzz, 010-0368-8803, 여
이서서, 46, w0owl8md@aaa.com, l3z, 010-0346-8903, 남
박예우, 14, yi91rszf@aaa.com, 1is, 010-0314-9003, 남
박예아, 14, 0r4autot@aaa.com, 7gv, 010-0314-9003, 남
정도진, 87, sxmfsw8k@aaa.com, t1z, 010-0287-9102, 남
강윤은, 35, 6db2au10@aaa.com, 72k, 010-0235-9302, 여
김채호, 01, 2e5v3ziz@aaa.com, 5ls, 010-0201-9402, 남
강주우, 84, pbxb5g3e@aaa.com, ybn, 010-0184-9501, 남
강주윤, 04, 4pngyaa1@aaa.com, glw, 010-6504-5865, 여
강하윤, 21, afyf6478@aaa.com, s6n, 010-4721-4247, 여
정하호, 93, nfx7vo6i@aaa.com, 6z2, 010-0193-9601, 남
장지서, 35, 9qik5zym@aaa.com, s1s, 010-0135-9701, 여
임하연, 17, 7zsvp0hc@aaa.com, syz, 010-0117-9801, 여
윤지연, 62, is3a6a0z@aaa.com, cex, 010-0062-9900, 여
이주아, 51, uf502g4f@aaa.com, 16v, 010-0051-0000, 남
윤예아, 25, hvg0bp4d@aaa.com, 2y1, 010-0025-0100, 여
정하윤, 93, xqlh07ua@aaa.com, 0pz, 010-9993-0199, 여
정예연, 96, i6icdhey@aaa.com, bho, 010-2996-1029, 여
강도우, 41, 94hvuzui@aaa.com, ifr, 010-9941-0399, 남
이예호, 12, z0w4fims@aaa.com, iq2, 010-9912-0499, 여
정민준, 68, 9xhpg99q@aaa.com, 0pe, 010-6468-5964, 남
이채서, 73, gu7w8ezo@aaa.com, 72x, 010-9873-0598, 여
최민서, 53, u3722h09@aaa.com, g0c, 010-9853-0698, 여
정서후, 84, tsg0feav@aaa.com, 1qn, 010-7984-1079, 남
강지호, 02, 48wlqu9b@aaa.com, snz, 010-9802-0898, 여
임채서, 75, 2pnzmn09@aaa.com, 3zw, 010-0975-1109, 남
이주진, 14, or73s31w@aaa.com, e5a, 010-9714-1197, 남
정현연, 06, 5mh7uz8d@aaa.com, ssf, 010-9706-1297, 여
이윤준, 66, 2yx4c37y@aaa.com, hzq, 010-3966-1139, 여
임하후, 33, 8s437s7l@aaa.com, isx, 010-9633-1496, 여
장현서, 08, guhfg3g3@aaa.com, mw4, 010-9608-1596, 여
윤민원, 44, iqlp5za0@aaa.com, lsn, 010-0644-8606, 남
윤지서, 84, 6uzx2fcd@aaa.com, yuh, 010-9584-1695, 남
김예호, 62, c2eu957i@aaa.com, 3qp, 010-9562-1795, 여
이하윤, 53, l44e8p4q@aaa.com, rpx, 010-8953-1189, 여
조서우, 98, tt87eumw@aaa.com, 7ns, 010-9498-1994, 여
임현진, 74, s1edt84t@aaa.com, so2, 010-9474-2094, 여
박채은, 47, n3rii0sp@aaa.com, 176, 010-9447-2194, 여
장지후, 48, hzzh4052@aaa.com, 4xt, 010-9448-2294, 여
최민호, 14, 2ypsh7q3@aaa.com, lw2, 010-9414-2394, 남
임지원, 87, m6uir2ln@aaa.com, sav, 010-9387-2493, 남
조윤후, 56, 8cr5y86c@aaa.com, rwv, 010-9356-2593, 여
이하원, 39, drmckuqi@aaa.com, km8, 010-2639-8626, 여
박예후, 55, 3qyh6kau@aaa.com, qbv, 010-9355-2693, 여
최예호, 31, fid11eii@aaa.com, hzg, 010-7931-1279, 남
윤민호, 72, 0kcoxvzx@aaa.com, qk8, 010-9272-2892, 여
정현은, 45, e759274v@aaa.com, ky3, 010-9245-2992, 여
최서아, 28, 9hfg9e1z@aaa.com, qf9, 010-9228-3092, 남
박도연, 91, hudoi8v3@aaa.com, dzf, 010-9191-3191, 남
최지진, 65, mdlu8dy1@aaa.com, o64, 010-9165-3291, 남
강지원, 33, xv8rzxxd@aaa.com, z9b, 010-9133-3391, 남
조예우, 18, qnnvr4zq@aaa.com, zl0, 010-9118-3491, 남
김윤아, 23, 8r4i8leu@aaa.com, a0g, 010-5923-1359, 여
최윤우, 34, wbqk96ou@aaa.com, 9hs, 010-6434-6364, 남
윤지아, 23, rxssurtr@aaa.com, 7sk, 010-9023-3790, 남
박지은, 08, dbfxr59s@aaa.com, 7m9, 010-9008-3890, 여
윤지윤, 76, dyh7rui1@aaa.com, ban, 010-8976-3989, 여
장주준, 58, y60l5i3e@aaa.com, cph, 010-8958-4089, 남
이윤우, 24, rzd8zxod@aaa.com, g6d, 010-8924-4189, 남
조지서, 95, 5zqflpac@aaa.com, sh3, 010-8895-4288, 여
최민후, 87, worg62ro@aaa.com, l7o, 010-3887-1438, 남
윤윤원, 48, kag616ww@aaa.com, x06, 010-8848-4488, 남
정서준, 17, 41bfr0ck@aaa.com, 47o, 010-8817-4588, 남
정채아, 79, 1mxrwnp5@aaa.com, mui, 010-6879-1468, 남
최지은, 34, afr73rz5@aaa.com, 2in, 010-4634-8646, 남
강주호, 55, f082uu7d@aaa.com, yzr, 010-8755-4787, 여
조하후, 33, 4ozbfibi@aaa.com, 3th, 010-8733-4887, 여
정주진, 87, bf01p5an@aaa.com, 9ow, 010-4987-.149, 여
이주준, 75, 2yq32gro@aaa.com, 4tl, 010-8675-5086, 여
박윤준, 48, cr0qs42g@aaa.com, pn5, 010-8648-5186, 여
강예진, 62, t6z8wzz1@aaa.com, hxc, 010-3862-1538, 여
임지준, 86, 5w7q48wk@aaa.com, 2ce, 010-8586-5485, 여
조민후, 54, xzdou4z7@aaa.com, bkz, 010-5854-1558, 여
정도원, 03, 120nmtm3@aaa.com, vv1, 010-8503-5785, 여
강윤호, 66, ud5tmv55@aaa.com, a0u, 010-8466-5884, 남
최채은, 94, 245ov00g@aaa.com, 58a, 010-6294-6662, 여
강윤진, 85, 3nxbhkfz@aaa.com, e0v, 010-8485-5984, 여
박윤윤, 41, 6he6xeeu@aaa.com, 25z, 010-0841-1608, 남
장주연, 92, mvuv47aa@aaa.com, d8n, 010-8392-6183, 여
이하우, 38, baxpvaqf@aaa.com, nuk, 010-2838-1628, 남
장채윤, 34, zxnu1xz5@aaa.com, 36o, 010-3834-1638, 여
이윤은, 32, 2adi8p57@aaa.com, zo9, 010-4832-1648, 여
정현호, 65, d1no96bu@aaa.com, 2eu, 010-8265-6682, 여
임민서, 26, tm8l36ko@aaa.com, 32a, 010-8226-6782, 남
최지호, 01, 972ovk79@aaa.com, d36, 010-8201-6882, 여
박예은, 77, n2iorl5s@aaa.com, k3n, 010-8177-6981, 여
강주준, 55, vrg7v390@aaa.com, b6t, 010-6255-6762, 여
조서서, 16, 98d7kmpc@aaa.com, kwg, 010-0816-1708, 여
강채서, 23, ib0izgng@aaa.com, vea, 010-8123-7181, 여
윤하아, 09, i5hap7i9@aaa.com, u6s, 010-2809-1728, 남
장민서, 22, fl5nrrz6@aaa.com, ieh, 010-8122-7381, 남
조채원, 04, pgusm4vr@aaa.com, uu8, 010-4804-1748, 여
박지원, 22, ytw45234@aaa.com, 80m, 010-8022-7580, 남
이지진, 79, e8yk2kg3@aaa.com, 4ss, 010-7979-7679, 여
조도윤, 52, eihqf052@aaa.com, nki, 010-7952-7779, 여
김예호, 32, eh7f0nti@aaa.com, 0yu, 010-7932-7879, 남
최도서, 03, 6r8dkpc2@aaa.com, 6ro, 010-7903-7979, 여
조도후, 25, dd46zkxg@aaa.com, w6p, 010-8625-8686, 남
박민윤, 46, d05ybdyy@aaa.com, sy0, 010-7846-8178, 남
이현윤, 46, faygs1bl@aaa.com, 4b2, 010-7846-8278, 여
김채은, 11, se0f3b3z@aaa.com, h0a, 010-7811-8378, 남
정도윤, 11, hxgmzir9@aaa.com, fs2, 010-7811-8378, 남
최예진, 85, psii4g78@aaa.com, cm8, 010-7785-8477, 여
임채진, 58, 2cix37e2@aaa.com, haw, 010-7758-8577, 여
박서원, 73, 38f1vb96@aaa.com, lzf, 010-6773-1867, 여
정윤원, 13, u3un99zn@aaa.com, 6z8, 010-7713-8777, 남
김지후, 66, 8ozfgdg5@aaa.com, xpm, 010-8766-1887, 남
조서우, 45, 0s85loru@aaa.com, ko5, 010-7645-8976, 여
강지연, 76, 9bhq0c9m@aaa.com, zkr, 010-6176-7061, 남
김예서, 09, vs0bqxs6@aaa.com, 3fx, 010-7609-9076, 여
박채은, 86, oh4z8i0n@aaa.com, 7at, 010-7586-9175, 여
정주윤, 86, 24mtpaio@aaa.com, ebm, 010-7583-9275, 여
정예아, 83, v62tylir@aaa.com, cpo, 010-7583-9275, 여
장주은, 28, 8enbh6mr@aaa.com, 1z0, 010-7528-9375, 여
정지후, 51, 71aee4fn@aaa.com, tcc, 010-4751-1947, 여
임예진, 79, d2uu835o@aaa.com, vnz, 010-7479-9574, 여
조민은, 52, b5x8orv3@aaa.com, z4d, 010-7452-9674, 남
김예진, 02, 3owgptx0@aaa.com, dwm, 010-7402-9874, 여
장서후, 75, zev3ek3k@aaa.com, 5qx, 010-7375-9973, 여
정지우, 15, kzd4c44x@aaa.com, bzz, 010-1615-8716, 남
최주서, 47, qxpzxyxs@aaa.com, wzx, 010-4347-.543, 여
윤민호, 33, 25ner8pe@aaa.com, zhk, 010-1733-2017, 남
정하서, 97, dhpbdinl@aaa.com, n0f, 010-7297-0272, 남
임채연, 84, g1v0cgnb@aaa.com, 72g, 010-7284-0372, 여
정민은, 48, cgzvsm8v@aaa.com, 1ko, 010-7248-0472, 남
윤예우, 21, rla9opzi@aaa.com, d9v, 010-5721-2057, 남
최지윤, 27, h7kftpts@aaa.com, uyb, 010-7227-0672, 여
최예은, 16, vrlytts5@aaa.com, xut, 010-7716-2077, 남
강윤진, 28, pxonp229@aaa.com, i3g, 010-7128-0871, 남
윤현호, 13, f56pbxdz@aaa.com, zgc, 010-7113-0971, 여
조윤준, 72, nghwubt4@aaa.com, 5x1, 010-7072-1070, 여
조예서, 12, 1lk4tdg0@aaa.com, dhk, 010-2612-8726, 남
최윤연, 57, pqe7565q@aaa.com, uft, 010-7057-1170, 여
윤주은, 05, g07kq27p@aaa.com, 1cy, 010-7005-1370, 여
윤윤연, 74, r9hf93z4@aaa.com, wq5, 010-6974-1469, 남
박윤호, 54, ge5hlar5@aaa.com, yea, 010-6954-1569, 남
강주아, 92, 1kwpsr1c@aaa.com, 990, 010-6898-1768, 여
정주원, 98, r8z0u6fg@aaa.com, 8yo, 010-6878-1868, 여
윤주준, 78, p2gim8ry@aaa.com, yxa, 010-6878-1868, 남
이현준, 41, o6ysyz33@aaa.com, 8um, 010-6841-1968, 여
이지아, 36, b35euxvk@aaa.com, qp1, 010-6836-2068, 여
이민아, 56, hau0rbwi@aaa.com, isq, 010-6756-2267, 여
정예후, 68, kumusggx@aaa.com, rhn, 010-6068-7460, 남
강도원, 56, 7di2umqy@aaa.com, h6a, 010-6756-2267, 여
박지준, 33, tk5g67va@aaa.com, e8w, 010-6733-2367, 여
장하연, 67, wlco322s@aaa.com, lzk, 010-2467-.224, 여
이채은, 82, tmup3m4i@aaa.com, d68, 010-6682-2566, 여
윤지연, 48, txob57wk@aaa.com, lu9, 010-6648-2666, 남
조서서, 66, nypznt09@aaa.com, vqy, 010-2866-.228, 남
정채원, 76, uozbyo5r@aaa.com, 2kp, 010-6576-2965, 여
윤예우, 54, bqvlnhwb@aaa.com, e4a, 010-6554-3065, 남
이주준, 53, odry2qd2@aaa.com, 8u7, 010-1653-2316, 남
박윤윤, 05, dt23ml55@aaa.com, kk0, 010-6505-3265, 여
조윤아, 03, 7l6aqpuf@aaa.com, kgr, 010-6603-8766, 여
윤도진, 62, 5omqy4mk@aaa.com, yfo, 010-6462-3364, 여
조지진, 37, u9ck8mqi@aaa.com, pn7, 010-6437-3464, 여
박민호, 42, xdqiw9vb@aaa.com, 2so, 010-5642-2356, 여
이현진, 42, gwtqu3z3@aaa.com, opi, 010-6639-2366, 여
정서진, 39, 0h2zg42s@aaa.com, 774, 010-6639-2366, 남
임민진, 66, zqiarb8u@aaa.com, fai, 010-6366-3763, 남
박도우, 24, wdwzbtzw@aaa.com, sqt, 010-6324-3863, 여
이현진, 26, txb8m400@aaa.com, 0z6, 010-6326-3963, 여
임예준, 78, hzvr5ash@aaa.com, qau, 010-6278-4062, 남
이서우, 53, udpeze0k@aaa.com, l4z, 010-6253-4162, 남
최예윤, 88, pr8osxio@aaa.com, yw9, 010-5988-7759, 남
김지서, 43, fhhbrxd5@aaa.com, yhm, 010-6243-4262, 남
정예서, 42, t4ag8d1n@aaa.com, zmz, 010-6242-4362, 남
김하준, 18, a6i3oc2m@aaa.com, i25, 010-4618-2446, 남
강주준, 15, 4le2xt62@aaa.com, 7a8, 010-5615-2456, 남
강채은, 14, s0pcektc@aaa.com, e6r, 010-6614-2466, 남
임윤연, 09, 8s6ac2qe@aaa.com, iy4, 010-7609-2476, 여
조예진, 06, uiis234w@aaa.com, rmg, 010-8606-2486, 여
임서윤, 33, k6v4coz5@aaa.com, vew, 010-6033-4960, 남
정윤우, 25, bp7x58fc@aaa.com, a1g, 010-6025-5060, 남
강현연, 64, 27rp8g8h@aaa.com, r2f, 010-5964-5259, 여
임하준, 82, w5yfynsb@aaa.com, 22a, 010-5982-7859, 여
이민진, 58, pk6wfexs@aaa.com, 4fb, 010-5958-5359, 남
박현우, 91, pzywvw0m@aaa.com, afv, 010-4591-2545, 여
임도우, 88, lt4olilm@aaa.com, boz, 010-5588-2555, 남
김현원, 51, uzrysy2n@aaa.com, 8tu, 010-5851-5658, 여
정지연, 48, neoqrqzi@aaa.com, n3x, 010-5848-5758, 여
정도후, 77, s8myigm8@aaa.com, dz6, 010-9577-2595, 여
조하원, 75, m4u4gdcw@aaa.com, 7ym, 010-0575-2605, 남
정윤우, 52, dcet7t5k@aaa.com, 65o, 010-5752-6157, 여
김하은, 69, 98ehrmtr@aaa.com, s5a, 010-2569-2625, 남
강지윤, 69, bhf4lwdy@aaa.com, kct, 010-5658-6356, 남
임윤아, 07, c7l2dg09@aaa.com, x7v, 010-5907-8059, 남
김윤서, 58, usysh8rm@aaa.com, aau, 010-5658-6356, 여
임예준, 36, l4c9v4s8@aaa.com, myn, 010-5636-6456, 남
조서진, 06, xmtecdog@aaa.com, y5z, 010-5606-6556, 남
임지진, 86, bytlh8gg@aaa.com, bg8, 010-5586-6655, 남
임주호, 52, mo6gu0vz@aaa.com, k8i, 010-5552-6755, 남
김서원, 25, t7yid5i8@aaa.com, fpb, 010-5525-6855, 남
이지윤, 98, i613ngv5@aaa.com, 2yb, 010-5498-6954, 여
최예은, 47, 686h1lzg@aaa.com, gad, 010-0547-2705, 여
조현아, 46, r5pzt6aq@aaa.com, fbt, 010-1546-2715, 여
정주윤, 82, lrgkyt0e@aaa.com, 7zh, 010-5482-7254, 남
김윤준, 85, s61vzrms@aaa.com, yf3, 010-5885-8158, 남
장지아, 54, 05iclhmq@aaa.com, waa, 010-7354-.273, 여
이서서, 78, gqik1tx5@aaa.com, ho7, 010-5378-7453, 여
임채준, 44, 0atemkh7@aaa.com, 332, 010-5344-7553, 여
조예윤, 32, 1yelgqzc@aaa.com, g4w, 010-6532-2765, 여
김지후, 29, 119u6w2c@aaa.com, ryn, 010-7529-2775, 남
정지준, 68, wz1erxlh@aaa.com, vws, 010-5268-7852, 남
윤하서, 34, sr4lso7d@aaa.com, f8n, 010-5234-7952, 남
장민서, 07, o6znin69@aaa.com, q6p, 010-5207-8052, 여
이지후, 07, vwzz7mkz@aaa.com, 1kw, 010-5207-8052, 남
박도서, 18, vdizzr0k@aaa.com, gnb, 010-1518-2815, 남
이도진, 33, 760ek31a@aaa.com, 757, 010-5833-8358, 여
박지아, 53, ndm0szqv@aaa.com, 5ur, 010-5153-8251, 남
강도아, 26, 9q9qw0f0@aaa.com, dba, 010-5126-8351, 여
박하진, 97, zvp7yg6b@aaa.com, 8y9, 010-5097-8450, 남
조주준, 08, xkx38hwc@aaa.com, lsz, 010-5508-2855, 여
강민준, 43, btzm6ybs@aaa.com, cg7, 010-5143-8651, 여
정도윤, 32, 1hpwuexs@aaa.com, t3f, 010-5003-8850, 여
이지아, 98, 5hsi50ni@aaa.com, lct, 010-9498-2894, 여
정현원, 96, vu9xawoz@aaa.com, 3sb, 010-0496-2904, 여
김도호, 27, zh4zw959@aaa.com, l2l, 010-4927-9149, 남
박민원, 98, l8n4cbdh@aaa.com, oqk, 010-4898-9248, 남
강지은, 81, lzzv03mh@aaa.com, kmi, 010-4581-8845, 남
박지진, 49, e1qdf7hp@aaa.com, 9w0, 010-4849-9448, 여
박지호, 82, zm9bcxfz@aaa.com, ihr, 010-5482-2954, 여
조주진, 92, 9x0siff3@aaa.com, 694, 010-4792-9647, 남
강도준, 68, 76uq0m1u@aaa.com, 3vn, 010-4768-9747, 남
윤민준, 43, z2sw63ve@aaa.com, vqh, 010-4743-9847, 여
최주서, 16, 0yz2lcp0@aaa.com, avd, 010-4716-9947, 여
장예준, 69, c09hb494@aaa.com, luv, 010-4655-0146, 여
조채호, 33, 4pda0nwa@aaa.com, ri4, 010-4633-0246, 남
정현연, 06, p2iiz34a@aaa.com, ctq, 010-4606-0346, 남
임도진, 57, iki6cqx3@aaa.com, 8zb, 010-5457-3054, 남
박윤진, 57, o0601z7y@aaa.com, xsv, 010-5757-8657, 여
강예준, 64, uc3yf3gz@aaa.com, 7fu, 010-5464-5454, 여
윤현진, 52, 0zyutzle@aaa.com, sba, 010-6452-3064, 여
임민연, 49, kzxq0ksk@aaa.com, fsy, 010-7449-3074, 남
강서후, 49, sled6f2m@aaa.com, g9z, 010-4488-0844, 여
조예윤, 59, mcxeqnr3@aaa.com, wyk, 010-4459-0944, 남
김서은, 15, 1bacyivt@aaa.com, vm6, 010-4415-1044, 남
박채준, 05, d1whztsg@aaa.com, ue8, 010-4405-1144, 여
최하우, 75, dvk3py3f@aaa.com, 4w1, 010-4375-1243, 여
이채진, 75, z19ubfr2@aaa.com, lap, 010-4375-1243, 남
조윤은, 46, evbnbx8s@aaa.com, b64, 010-4346-1343, 여
이지원, 29, go6lso96@aaa.com, el5, 010-4329-1443, 남
김윤윤, 25, qeaiowsw@aaa.com, u9z, 010-5725-8757, 여
강현후, 43, rbww76kh@aaa.com, n4a, 010-1543-.315, 남
이지진, 42, gcccm63h@aaa.com, 0ca, 010-1842-.318, 남
박윤원, 27, zkmmflnq@aaa.com, zsr, 010-4327-1943, 남
이서윤, 14, e3z91chx@aaa.com, afk, 010-1414-3214, 여
정지후, 13, nrgruu5h@aaa.com, ioq, 010-4113-2241, 여
김윤서, 81, lcltepo9@aaa.com, gb4, 010-4081-2340, 여
장예진, 52, 2f5evasi@aaa.com, zzk, 010-4052-2440, 여
강지우, 35, pd3w3vvw@aaa.com, 05w, 010-4035-2540, 남
임지은, 98, mkzcyrcq@aaa.com, nxq, 010-3998-2639, 여
이민진, 73, zflz0gtg@aaa.com, so5, 010-3973-2739, 여
임채윤, 57, m38wnmme@aaa.com, 70a, 010-8857-.888, 남
임하서, 35, o089ynxt@aaa.com, ame, 010-3935-2839, 여
장서은, 22, 25qxzhdu@aaa.com, obc, 010-3922-2939, 여
조윤준, 85, uroosnxu@aaa.com, 1w9, 010-3885-3038, 여
조현우, 86, uzz0n887@aaa.com, tiz, 010-1386-3313, 여
강서호, 36, 65bz61o6@aaa.com, 4ub, 010-3836-3238, 여
조채연, 75, ichbcdl8@aaa.com, i6e, 010-3775-3437, 남
임하서, 58, q1o1zibp@aaa.com, fud, 010-3758-3537, 여
박현아, 02, f7cuz1kd@aaa.com, hwe, 010-3702-3737, 여
이현윤, 55, 5vc8znhu@aaa.com, a4e, 010-3655-3936, 남
강윤원, 62, kcoz7yc3@aaa.com, 9u6, 010-0362-3403, 여
최서우, 83, pdq5h9bq@aaa.com, 8cf, 010-5683-8956, 남
이주호, 91, 4y2ouik9@aaa.com, itz, 010-3567-4235, 여
임도준, 45, q0rpobuk@aaa.com, kwq, 010-3545-4335, 남
강서아, 84, kn5dzzt9@aaa.com, wzr, 010-3484-4534, 남
박도은, 52, b3t5zrg9@aaa.com, zxg, 010-3452-4634, 남
박채후, 42, kqtqgo3f@aaa.com, 9ub, 010-8342-3483, 남
이민서, 02, 53etwvac@aaa.com, aqk, 010-3402-4934, 남
장지원, 34, rnovuhq1@aaa.com, z1r, 010-3334-5133, 남
정채은, 63, lywb2dla@aaa.com, 280, 010-7263-3772, 여
정서후, 03, 4apnz1m4@aaa.com, hit, 010-2503-8225, 남
최현은, 32, a902iv3p@aaa.com, oap, 010-2532-8525, 여
김주원, 65, k1nd34gq@aaa.com, g1z, 010-0565-8905, 남
정도호, 66, nhgesko2@aaa.com, eh7, 010-2366-8723, 남
김하준, 87, fzsznp7w@aaa.com, 62i, 010-2287-9022, 남
이서호, 43, tyfve33m@aaa.com, mkt, 010-2243-9222, 여
김지우, 23, ay7atbo8@aaa.com, u5u, 010-2123-9621, 여
임윤원, 54, kd1zldxz@aaa.com, i0w, 010-2054-9920, 남
이윤아, 99, sr5ewb1u@aaa.com, bum, 010-1199-4011, 여
조서원, 47, v1z1wmbc@aaa.com, tbi, 010-1953-0419, 남
윤도원, 59, 3xzbvw3z@aaa.com, 5b3, 010-1859-0618, 여
임주원, 26, hn87wrq5@aaa.com, dde, 010-1826-0818, 여
윤주윤, 78, asi9sswe@aaa.com, mhg, 010-1763-1017, 여
정윤윤, 15, 1m59gxu9@aaa.com, f1z, 010-5615-9156, 남
조현원, 26, ym64iatw@aaa.com, d1z, 010-1726-1117, 남
장윤은, 77, e7sqy1gh@aaa.com, 8d4, 010-1677-1316, 여
조민준, 63, cbw7cmw8@aaa.com, ykc, 010-5163-4151, 여
정지서, 67, 6eoiugbe@aaa.com, hts, 010-1567-1715, 여
정하윤, 71, leduimen@aaa.com, y83, 010-8171-4181, 여
임지후, 96, qyg13an0@aaa.com, 6wq, 010-1496-2014, 여
윤채우, 35, oes2dhx1@aaa.com, i1v, 010-1435-2214, 여
최지서, 38, wshhtptb@aaa.com, 6qg, 010-4138-4241, 여
이윤호, 38, ftutri62@aaa.com, dog, 010-5138-4251, 여
정주원, 05, 2z26alm3@aaa.com, gle, 010-1305-2713, 여
윤서호, 73, ky634i0z@aaa.com, a5q, 010-5573-9355, 남
강주연, 24, dzqbz16o@aaa.com, 1sz, 010-9124-4291, 여
조윤연, 04, kwecv7b5@aaa.com, xt5, 010-1204-3112, 남
박현우, 75, 662lnz2q@aaa.com, y5z, 010-1175-3211, 여
김현은, 09, 9qgc8o1y@aaa.com, 9dg, 010-1109-3411, 남
김주원, 69, 8ip7lkf6@aaa.com, nfi, 010-0069-4500, 남
조채은, 57, 6y0qqx8s@aaa.com, l7s, 010-0557-5505, 남
최도준, 98, w2m1ez9z@aaa.com, 3k6, 010-0398-6103, 여
임서호, 24, elsubz0t@aaa.com, epo, 010-0324-6403, 남
조서윤, 65, tdcd7l8t@aaa.com, tb3, 010-0265-6602, 남
박지준, 82, ypktrrxt@aaa.com, di6, 010-0182-6901, 여
장현준, 41, zx67vvmz@aaa.com, wip, 010-5541-9455, 남
조도연, 94, hwpok3il@aaa.com, pz9, 010-0094-7200, 남
이현준, 82, 0r52yqz6@aaa.com, 16z, 010-9982-7599, 남
임주진, 37, 2vyq3zaf@aaa.com, uxa, 010-9937-7799, 여
박주윤, 76, bz5vogzq@aaa.com, y3u, 010-6576-7965, 여
이민준, 37, qn3ka8vu@aaa.com, zlk, 010-1437-4814, 남
박도서, 31, a6g6m14d@aaa.com, kb5, 010-3431-4834, 여
김현우, 76, id3k2moo@aaa.com, 1zu, 010-4276-8542, 여
이민서, 03, r8f8wwyl@aaa.com, koh, 010-4203-8742, 남
최지서, 22, w7mgaf84@aaa.com, meg, 010-4122-9041, 남
강서서, 92, c3i843or@aaa.com, ywr, 010-2958-3429, 여
정민준, 17, 4671yqt5@aaa.com, bmx, 010-5517-9555, 여
장하우, 24, kvm8snm5@aaa.com, u41, 010-2924-3529, 여
강도준, 75, gu5xwdx9@aaa.com, nge, 010-2875-3728, 여
박도서, 48, a8cxyq1o@aaa.com, sek, 010-2848-3828, 남
정채준, 96, xtx9g4en@aaa.com, 26t, 010-2796-4027, 여
장지후, 77, tc9iu5rh@aaa.com, few, 010-1277-5412, 남
이서서, 25, x2k03ilt@aaa.com, ubl, 010-2725-4327, 남
김지서, 69, zhbu5ohi@aaa.com, 1gi, 010-4269-5442, 여
장도원, 65, 48yi6omh@aaa.com, 15e, 010-6265-5462, 남
조지진, 12, hyfhs9v2@aaa.com, 813, 010-2612-4726, 여
박지연, 66, sv6o424s@aaa.com, 18z, 010-2566-4925, 남
임서윤, 14, vunp5aux@aaa.com, kl1, 010-5514-9655, 남
이지준, 07, fr6xw2hk@aaa.com, 1sy, 010-2507-5125, 남
최지준, 46, ieksee5u@aaa.com, t8l, 010-2446-5324, 남
임윤진, 24, 0b9r65wl@aaa.com, 6mf, 010-2424-5424, 남
임윤준, 37, o3fetzsm@aaa.com, b0v, 010-6237-5562, 남
조윤준, 52, 8wtwpspg@aaa.com, r52, 010-2323-5823, 남
이예원, 67, h5v39nze@aaa.com, wy7, 010-2267-6022, 여
김지호, 08, 54294wn3@aaa.com, o45, 010-2208-6222, 남
정민서, 93, 5zcrgd5x@aaa.com, ykp, 010-1993-7019, 여
조하호, 48, zvmzwxy9@aaa.com, g0z, 010-1948-7219, 여
이윤서, 01, 7swh0740@aaa.com, uzd, 010-1863-7518, 남
장윤진, 34, eqtv00sc@aaa.com, igv, 010-5434-9854, 남
조서원, 62, spacib7n@aaa.com, s8c, 010-6462-5464, 남
이하원, 81, 8rp4g800@aaa.com, p4n, 010-7181-5771, 남
박윤은, 25, al7vztbv@aaa.com, dab, 010-1708-8117, 남
정주은, 04, 1qhh97cz@aaa.com, 8ng, 010-1704-8317, 남
강예원, 98, ctn9qsnc@aaa.com, x41, 010-1598-8515, 남
박예원, 17, 75i9f2r1@aaa.com, 1pg, 010-1517-8815, 남
강현윤, 36, h2yqqddv@aaa.com, l82, 010-1436-9114, 남
임현준, 06, qfhp7reu@aaa.com, tho, 010-1406-9714, 남
임윤원, 22, ax22hzll@aaa.com, ede, 010-1222-0012, 남
조윤준, 37, ns4nbw60@aaa.com, 7ep, 010-1137-0211, 남
박지연, 05, d59h9uh8@aaa.com, 4dx, 010-1105-0411, 여
이주연, 41, mgpxn5b9@aaa.com, pf8, 010-9541-8995, 남
최예은, 64, draa2sn2@aaa.com, sde, 010-1064-0510, 여
강지윤, 17, pc7ahw6b@aaa.com, ek8, 010-1017-0710, 남
최예후, 63, 9ep08wu5@aaa.com, hq0, 010-0963-0909, 남
이지연, 72, vkfazz8d@aaa.com, e3s, 010-0872-1208, 남
최서은, 54, a58lfcbs@aaa.com, nlo, 010-5079-6150, 여
정민준, 22, 4d7oo8lp@aaa.com, 3gx, 010-0822-1608, 남
강주호, 18, 111t20oc@aaa.com, s0q, 010-0718-1807, 남
윤윤후, 78, t6oqsw35@aaa.com, smp, 010-0678-2006, 여
장하준, 42, zbmv8xco@aaa.com, 0tl, 010-0642-2106, 여
이지원, 78, r39f4olx@aaa.com, rza, 010-0578-2305, 남
박지서, 82, gqthsz99@aaa.com, 0r5, 010-5382-0053, 남
장주우, 32, vvitrser@aaa.com, h86, 010-0532-2505, 남
장현진, 58, i3cv9yz7@aaa.com, e8c, 010-0458-2804, 남
조예후, 66, vzlzfmay@aaa.com, y3t, 010-0466-3004, 남
강현준, 43, hnmndfzt@aaa.com, 4sr, 010-0343-3203, 남
정지아, 06, zx665hgh@aaa.com, 4z7, 010-0306-3403, 여
김서윤, 27, fxezvb37@aaa.com, lfi, 010-5027-6350, 남
임주서, 08, 8myp62xz@aaa.com, iyz, 010-0208-3702, 여
정지원, 52, 4n4l5d2y@aaa.com, 7p1, 010-0152-3901, 여
장민은, 98, zvnw35z8@aaa.com, 5gb, 010-0098-4100, 여
정지아, 05, lbvkmswe@aaa.com, 08d, 010-3005-6430, 여
이윤윤, 36, m1o5ewfo@aaa.com, 1fc, 010-1536-9015, 남
장하우, 45, rv6p51eb@aaa.com, ltl, 010-.645-88.6, 여
이하은, 94, 5xybhkms@aaa.com, bso, 010-6994-6469, 남
최윤진, 17, yqhmgtlp@aaa.com, fzb, 010-9887-4898, 여
강하준, 67, zy466aw6@aaa.com, o0m, 010-9867-4998, 여
김현호, 09, xcx0u3bp@aaa.com, 9ts, 010-9809-5198, 남
최현호, 75, 6baolbxp@aaa.com, b9c, 010-9775-5297, 여
임현후, 17, viwxd04f@aaa.com, qaa, 010-9817-5398, 남
윤주준, 97, 5z7t8mhp@aaa.com, 0xv, 010-6968-6569, 남
강채호, 03, wb6gh55r@aaa.com, 50k, 010-9603-5996, 남
최서연, 49, 5abzdl5i@aaa.com, vls, 010-9549-6195, 남
조지아, 26, liv9coum@aaa.com, 0zf, 010-5326-0253, 여
김서서, 93, f9q5v5k6@aaa.com, 3ig, 010-9493-6394, 남
장서호, 43, 4t9yet1g@aaa.com, cw2, 010-9443-6594, 남
조주원, 42, x0cbypcx@aaa.com, sk0, 010-6942-6669, 여
강채호, 63, xynqy5lb@aaa.com, isf, 010-9363-6893, 남
박현서, 18, 71sk8idb@aaa.com, 1v0, 010-9318-7093, 남
최예서, 82, rpz00qcw@aaa.com, lzt, 010-9282-7192, 남
장지원, 33, 0yblxgvs@aaa.com, 3be, 010-9233-7392, 남
윤지원, 96, yo9wlpco@aaa.com, o3o, 010-9196-7491, 남
최윤서, 35, eqd53k3b@aaa.com, k8h, 010-9135-7691, 남
김지준, 98, 4q8lz4vf@aaa.com, cwn, 010-9098-7890, 남
조현진, 06, o62wnczs@aaa.com, wa7, 010-5306-0353, 여
정지진, 65, kat6fxz0@aaa.com, fyc, 010-9065-8090, 남
강현후, 78, fsgxeu5w@aaa.com, yzt, 010-8978-8289, 남
이예은, 27, 6mw4w3yl@aaa.com, ec8, 010-8927-8489, 여
김윤진, 97, 6xaycx6z@aaa.com, otz, 010-8897-8588, 남
강지연, 85, owuq61mu@aaa.com, ck2, 010-7885-6878, 여
김윤우, 92, yf2lwrvq@aaa.com, mgc, 010-8792-8987, 남
이지서, 77, teth3oqn@aaa.com, 060, 010-0877-6908, 남
박하연, 13, 52yfv63o@aaa.com, hqz, 010-8713-9287, 여
강현호, 86, 6zxeyis8@aaa.com, 5dn, 010-8686-9386, 여
강채준, 97, 3sp3sw22@aaa.com, wwh, 010-8697-9586, 여
최도호, 72, znp4pcx9@aaa.com, k03, 010-5272-0452, 남
최예서, 86, plm0mr5f@aaa.com, kwl, 010-9786-.697, 여
윤주아, 55, n47ynqrq@aaa.com, 99f, 010-8855-6988, 여
임주윤, 22, pgtu4zka@aaa.com, lkr, 010-8522-9985, 남
장도호, 49, 7mre9ua9@aaa.com, 0bh, 010-0849-7008, 남
정예원, 44, pizb23g3@aaa.com, 6q2, 010-8444-0284, 여
임현후, 17, ntz0n77x@aaa.com, zuu, 010-8417-0384, 남
조윤서, 14, 9g5cdr50@aaa.com, m97, 010-8414-0484, 남
장지서, 34, 6hqa6pxu@aaa.com, sma, 010-6834-7068, 여
이민원, 14, 7gkugv2o@aaa.com, e5o, 010-8314-0783, 여
이윤원, 84, fgzdyzf7@aaa.com, p6s, 010-8284-0882, 남
조하준, 38, 85ifofvb@aaa.com, zux, 010-5238-0552, 남
최지윤, 23, o5luqzh2@aaa.com, cvh, 010-0823-7108, 남
강주원, 01, zchs12nz@aaa.com, 9w1, 010-8201-1182, 남
조현진, 45, zx2cxm02@aaa.com, mio, 010-8145-1381, 여
김민연, 28, trm4x2vu@aaa.com, xgv, 010-8128-1481, 남
장지준, 07, zxg0sobc@aaa.com, 8qa, 010-6807-7168, 남
조윤원, 17, 3wpzt6o0@aaa.com, prg, 010-8017-1880, 여
장지후, 66, 2n6wvduk@aaa.com, hl5, 010-7966-2079, 여
김하윤, 14, 1v27fzq9@aaa.com, p9z, 010-7914-2279, 남
이서진, 87, 0m5q4std@aaa.com, 60l, 010-7887-2378, 남
최주윤, 33, zv4w7am7@aaa.com, pon, 010-7833-2578, 남
윤윤후, 89, tudvq5zh@aaa.com, r71, 010-5189-0751, 여
최지윤, 81, 84krnwx6@aaa.com, z4r, 010-6781-7267, 여
김주우, 78, iwkl0w1t@aaa.com, cu6, 010-7778-7277, 여
박민준, 28, 8tbzkuzz@aaa.com, c5v, 010-7728-2977, 남
장현후, 06, d9oa9s1y@aaa.com, wdq, 010-7706-3077, 여
박민윤, 47, 9auxfhz0@aaa.com, tcx, 010-7647-3276, 여
임지원, 93, l3srk1qw@aaa.com, co3, 010-7593-3475, 남
조지아, 66, 2up9uct5@aaa.com, mxc, 010-7566-3575, 여
윤현은, 17, n702hbqp@aaa.com, nyd, 010-7517-3775, 여
윤서우, 97, unetsff8@aaa.com, m69, 010-7497-3874, 남
장도은, 32, pu0c4wfm@aaa.com, 22z, 010-7432-4074, 남
강채호, 65, ek7fazv9@aaa.com, kpt, 010-4865-1948, 남
장서후, 24, vxkperub@aaa.com, ao4, 010-7424-4174, 남
이서진, 53, 02l1go1h@aaa.com, 00q, 010-7353-4373, 남
조서은, 24, 1de9glse@aaa.com, g8z, 010-7324-4473, 남
장예준, 75, lf3h2lhc@aaa.com, qxv, 010-7275-4672, 여
박주연, 79, uz6u4zri@aaa.com, p43, 010-7279-4772, 남
강예은, 99, s3ipnbtw@aaa.com, f0s, 010-7199-4971, 여
임채우, 64, 3blbo60a@aaa.com, 1fr, 010-7164-5071, 남
김윤우, 52, vdo2bpol@aaa.com, xpt, 010-7152-5171, 남
김서호, 08, kscbfdm4@aaa.com, 7z7, 010-3708-7537, 여
강민우, 57, 98m9hb26@aaa.com, 4pt, 010-7057-5470, 남
장예연, 89, z8sbw5aq@aaa.com, a12, 010-0489-9204, 여
임현후, 59, hir32c51@aaa.com, k1o, 010-4562-4845, 남
정도우, 05, s3bq86k3@aaa.com, uwc, 010-7005-5670, 여
김민진, 78, zqza6be3@aaa.com, nsy, 010-6978-5769, 여
김지윤, 93, fcqap9ko@aaa.com, 564, 010-9693-7596, 남
조하윤, 69, v40mzzok@aaa.com, m4b, 010-6069-.760, 남
조민원, 65, t1ndchzf@aaa.com, z5k, 010-6865-6268, 여
강윤서, 17, tewh3ut9@aaa.com, afi, 010-6817-6368, 남
임도은, 81, 1t4gkcyd@aaa.com, mm1, 010-4681-7646, 여
윤하진, 38, mc847qf6@aaa.com, zgg, 010-6738-6667, 남
조민후, 71, nkkqkst9@aaa.com, h6o, 010-7671-7676, 여
박현후, 52, z2cg1nr2@aaa.com, h8d, 010-6652-6966, 남
장지서, 16, uup4ztcv@aaa.com, e2i, 010-4816-2148, 남
강하아, 66, qsitzh9b@aaa.com, yg2, 010-0666-7706, 남
강지호, 58, 6fkvap94@aaa.com, 5w2, 010-2658-7726, 남
임도우, 55, xad28bzr@aaa.com, sc3, 010-3655-7736, 여
정윤후, 37, 11q46cd1@aaa.com, 6uc, 010-6537-7465, 여
조현원, 03, 4zhkl5t0@aaa.com, shc, 010-6603-7566, 여
강예후, 44, a27e5wug@aaa.com, d83, 010-6444-7764, 남
장지호, 15, zfgolizf@aaa.com, m87, 010-6415-7864, 남
임지서, 41, w8p8zlvn@aaa.com, bso, 010-0641-7806, 남
임서연, 81, ln24tps9@aaa.com, ex2, 010-6381-8163, 여
박서호, 33, ndx1zdll@aaa.com, bxv, 010-2633-7826, 남
박현후, 92, 8zxz6cys@aaa.com, vd2, 010-4792-2247, 남
장현윤, 26, 2ci2mt9r@aaa.com, qnk, 010-4626-7846, 여
김지호, 28, p3f6t065@aaa.com, ra3, 010-6228-8562, 남
강도준, 62, 6qig0v00@aaa.com, 8du, 010-8662-.786, 여
정채진, 15, rnedugzz@aaa.com, acq, 010-8615-7886, 남
박윤우, 12, posqhk0b@aaa.com, nsq, 010-9612-7896, 여
이서후, 96, 483fh6k3@aaa.com, 7cw, 010-6096-9060, 남
김주호, 44, o47487uy@aaa.com, 2k1, 010-6044-9260, 남
조지연, 02, 4ktygdo1@aaa.com, 0lf, 010-3602-7936, 남
윤예진, 03, wnpx8aa2@aaa.com, h9m, 010-4603-7946, 여
조지서, 32, cgx8k1dg@aaa.com, zl5, 010-5932-9659, 남
강지아, 77, amzqkdig@aaa.com, bi4, 010-3477-9234, 여
정지호, 14, vlz3dg0n@aaa.com, kzm, 010-5914-9759, 여
정채연, 63, o7g5wakw@aaa.com, 6i6, 010-5863-9958, 남
김민우, 26, g7ktznci@aaa.com, 07d, 010-5826-0058, 남
장현진, 73, umwqgokl@aaa.com, 9nb, 010-5773-0257, 여
조지원, 55, 7myxl1m0@aaa.com, rxo, 010-5755-0357, 남
임민아, 23, hz4lhdbd@aaa.com, t6r, 010-5723-0457, 남
이지우, 67, gsvhz1k9@aaa.com, i7p, 010-5667-0656, 여
정하서, 52, b6hhns0a@aaa.com, yvf, 010-5652-0756, 여
이예서, 89, c7y5yg3o@aaa.com, 4ms, 010-5589-0955, 남
박민서, 32, p6kxxeqh@aaa.com, cew, 010-5532-1155, 여
조도서, 47, 0ta284oy@aaa.com, gvk, 010-4747-2447, 남
강지호, 05, 6goi5hzv@aaa.com, n8m, 010-5505-1255, 남
최현원, 51, z90rrn1g@aaa.com, kia, 010-5459-1454, 여
조하우, 25, tgu27tcq@aaa.com, lc2, 010-5425-1554, 남
정주준, 54, lo34oysh@aaa.com, yyi, 010-1654-.816, 여
조윤서, 37, tbahx158@aaa.com, ifs, 010-7537-8175, 여
김주원, 26, iduzcwls@aaa.com, apw, 010-5326-1953, 남
정하호, 95, lozg9wu7@aaa.com, 5r2, 010-5295-2052, 여
김민후, 25, lih6aoyn@aaa.com, ity, 010-2525-8225, 여
임예진, 16, br38usqf@aaa.com, hfi, 010-5216-2352, 여
이지우, 92, ozfztpt7@aaa.com, f71, 010-5192-2451, 남
강윤준, 71, lzp8c81p@aaa.com, eaz, 010-5471-9254, 여
강주호, 38, kogqtxbc@aaa.com, ayg, 010-5138-2651, 남
조예서, 73, 4s6uhvr6@aaa.com, y1e, 010-5173-2751, 여
이하연, 54, f8f2m0uz@aaa.com, d2h, 010-5054-2950, 남
임예진, 35, e58kyp3c@aaa.com, uvl, 010-5035-3050, 여
장예윤, 03, w7alheep@aaa.com, hox, 010-4974-3249, 여
윤예서, 44, xv6iol65@aaa.com, zvn, 010-4944-3349, 여
조채후, 22, 1z1qpnr7@aaa.com, z73, 010-4922-3449, 남
조윤호, 93, bwg53hn1@aaa.com, 3rb, 010-4866-3648, 남
최예서, 48, 57dhk6eg@aaa.com, 36y, 010-4848-3748, 남
조하서, 24, 82hdf86g@aaa.com, 4ln, 010-4824-3848, 남
최지서, 71, xg8hmxl0@aaa.com, gk9, 010-6471-9264, 여
최채아, 58, uwxisqe7@aaa.com, tic, 010-4758-4047, 여
정예원, 86, x8ld5z31@aaa.com, wvb, 010-1486-8414, 남
조하후, 84, vzw3f2bd@aaa.com, yxr, 010-4684-4346, 남
이하준, 66, y2ccy91a@aaa.com, qsl, 010-4466-8444, 남
박현원, 28, 53385bzz@aaa.com, e74, 010-4628-4546, 남
정윤서, 72, p9sz01wt@aaa.com, srz, 010-4572-4745, 남
최지원, 69, z5w9ir48@aaa.com, alf, 010-4569-4845, 남
김하서, 55, pzqupagz@aaa.com, zge, 010-1455-8514, 여
조지준, 17, hd4ckmc2@aaa.com, sdn, 010-4417-5344, 여
조서우, 85, lkktoddh@aaa.com, rwl, 010-4385-5443, 여
최윤진, 25, 5m9nrmh8@aaa.com, z4w, 010-4625-2846, 남
조민진, 39, mzf3n61d@aaa.com, 2vu, 010-4339-5643, 여
박현서, 32, bicclukz@aaa.com, 9on, 010-7432-8574, 여
최지은, 55, rf8ell0f@aaa.com, r1i, 010-4255-5942, 남
강지준, 24, 725302mh@aaa.com, xez, 010-4324-6043, 남
김현원, 17, 0amstfar@aaa.com, chh, 010-2417-8624, 여
조하후, 16, zzls4noz@aaa.com, us3, 010-3416-8634, 남
최지후, 41, gum4tx5d@aaa.com, xpz, 010-6541-.865, 남
정서서, 07, xr7ou4os@aaa.com, 0ko, 010-3907-7239, 여
이주서, 94, cxo1s7w5@aaa.com, 5u3, 010-4394-8743, 여
최지연, 04, p7zz0edc@aaa.com, 874, 010-3804-7638, 남
임현호, 67, 4lzanxq3@aaa.com, ynz, 010-4667-2946, 여
김현원, 87, b33tp9kb@aaa.com, qx6, 010-3787-7737, 여
장도진, 43, xmkzdx6l@aaa.com, 8x5, 010-3743-7937, 여
윤채후, 37, ax0m7lne@aaa.com, a1s, 010-8037-.880, 여
강도윤, 47, z26vzzfk@aaa.com, amu, 010-3647-8236, 남
조현우, 18, mx6dzken@aaa.com, axq, 010-3618-8336, 남
장주은, 74, nt0ira29@aaa.com, qwu, 010-3574-8535, 여
강예아, 42, zxob76ql@aaa.com, cmd, 010-3542-8635, 여
최하은, 54, 6pb0tmmd@aaa.com, oh2, 010-8354-8883, 남
윤하아, 46, yqsraea3@aaa.com, 6xe, 010-9346-8893, 남
정예진, 07, 3l2kziiy@aaa.com, h43, 010-3407-9134, 여
최윤우, 83, vrt9o3rz@aaa.com, hkz, 010-4583-3045, 여
이도원, 73, qh14dsz9@aaa.com, h42, 010-3373-9233, 여
김채준, 49, 95icw0lt@aaa.com, c59, 010-4332-8943, 남
장주서, 95, koyaxq9o@aaa.com, hl2, 010-3295-9532, 여
이지은, 75, g0pzz6py@aaa.com, kyn, 010-3275-9632, 남
윤지원, 12, g6zdpis5@aaa.com, g5m, 010-3312-9833, 여
윤서우, 04, no0tp10k@aaa.com, mk9, 010-3204-9932, 여
조민윤, 38, i2e2gmq6@aaa.com, rh6, 010-3138-0131, 남
조예아, 08, 51ubb6cp@aaa.com, 9ui, 010-3108-0231, 남
장민연, 57, owaqsvve@aaa.com, bel, 010-3057-0430, 남
이지호, 03, c3hqkliz@aaa.com, d4g, 010-5303-9053, 여
강지후, 59, alaz7agb@aaa.com, 8eq, 010-4559-3145, 여
정하우, 97, x3iulaal@aaa.com, kur, 010-6997-4069, 남
임지호, 83, 9e68przx@aaa.com, 2y9, 010-2983-0729, 여
강지호, 95, cn40xnao@aaa.com, vkn, 010-8295-9082, 여
김채호, 98, g93h0yn7@aaa.com, 8qx, 010-2898-1028, 여
최지후, 85, ezzl9hig@aaa.com, 5dm, 010-2285-9122, 남
임하준, 22, v2iriev4@aaa.com, 3be, 010-2822-1328, 남
강민준, 77, rgqvpuii@aaa.com, 3vi, 010-5277-9152, 여
조윤은, 26, q7g22xrl@aaa.com, plt, 010-2726-1727, 여
장예윤, 87, 7qf235mp@aaa.com, 7i4, 010-2687-1826, 여
박현원, 52, t8yapzfz@aaa.com, 7ut, 010-2652-2026, 남
최주서, 66, z91cor5l@aaa.com, ddz, 010-1266-9212, 남
이서진, 22, hcfb35lb@aaa.com, zkh, 010-4522-3245, 여
김주은, 77, rci88e2c@aaa.com, slv, 010-2577-2225, 여
장주아, 25, upyy1nyq@aaa.com, rv6, 010-2525-2425, 여
김윤원, 98, 77t6umzo@aaa.com, l8t, 010-2498-2524, 남
임서원, 45, ncmlgx4o@aaa.com, 8im, 010-7245-9272, 여
이현연, 02, 2agd2pye@aaa.com, lae, 010-2402-2924, 남
윤하서, 59, 7w88q5zf@aaa.com, 4r6, 010-2359-3023, 여
조윤은, 27, 2gr66rid@aaa.com, hlz, 010-2327-3123, 여
장하후, 92, h4utm15f@aaa.com, 5pq, 010-2292-3322, 여
임윤원, 53, x4at76tl@aaa.com, 51d, 010-2253-3422, 여
임하우, 23, 2yv5fco2@aaa.com, 0hf, 010-5223-9352, 여
정서윤, 14, x1xy924i@aaa.com, cdo, 010-4514-3345, 여
조지윤, 82, ahoc4pxh@aaa.com, k2p, 010-2182-3721, 여
강민연, 14, siu3tiaq@aaa.com, uii, 010-8214-9382, 남
최민준, 26, wct13vuh@aaa.com, 7ey, 010-2126-3921, 남
이채아, 62, 0f2fk0hh@aaa.com, 3e9, 010-2062-4120, 남
장현우, 45, grr3gdyv@aaa.com, unr, 010-2045-4220, 여
임서서, 13, taz5m12h@aaa.com, 6vf, 010-2013-4320, 여
김민원, 42, f5kc1uyw@aaa.com, vrp, 010-9442-8.94, 여
이주서, 57, i6yfw7f0@aaa.com, w2b, 010-1946-4619, 여
장서준, 92, yd6iaia6@aaa.com, qkc, 010-7192-9471, 여
정지서, 88, fih15ieg@aaa.com, 72u, 010-8188-9481, 남
윤하연, 82, nq1rg3zq@aaa.com, li3, 010-4482-3444, 남
강하호, 68, p1qzm0tx@aaa.com, bz8, 010-1868-4918, 남
조민호, 43, okcw4cox@aaa.com, i0o, 010-1843-5018, 여
장지준, 82, 1fg1lr6n@aaa.com, uwz, 010-1182-9511, 여
김하후, 46, lmbshh75@aaa.com, p5v, 010-1746-5317, 여
윤민윤, 64, q1h7ubrn@aaa.com, zsm, 010-1764-5417, 여
임서진, 04, klz0ef14@aaa.com, rvl, 010-1704-5517, 여
임도윤, 72, zek7mao4@aaa.com, 76p, 010-1672-5616, 여
김채원, 64, d6gli41m@aaa.com, 96g, 010-7164-9571, 남
박민원, 94, y78w921b@aaa.com, uae, 010-1594-5915, 여
강하윤, 56, m33as72m@aaa.com, ubk, 010-0156-9601, 여
이예서, 53, 0nfoqb89@aaa.com, oo8, 010-4453-3544, 남
최서서, 53, fbh1hkvw@aaa.com, uf3, 010-1153-9611, 여
최민연, 48, zzphz1fp@aaa.com, 8ym, 010-3148-9631, 여
박예우, 46, nriy104k@aaa.com, 30f, 010-4146-9641, 남
임예원, 27, r44uk6w7@aaa.com, s5y, 010-1412-6614, 여
김현은, 78, mdh7mgkh@aaa.com, kpf, 010-1378-6713, 여
윤지윤, 35, aa1qg6ib@aaa.com, vcy, 010-8135-9681, 남
조도은, 32, 67pwf6m2@aaa.com, yfk, 010-7013-.970, 여
장하호, 27, yq4vnmkn@aaa.com, 636, 010-1127-9711, 남
조지윤, 46, d585pzb1@aaa.com, ylc, 010-1246-7212, 남
임주아, 94, w4700e4c@aaa.com, q4c, 010-1194-7411, 여
임지후, 26, vzio8tkp@aaa.com, ftl, 010-4426-3644, 여
이지원, 58, pd8knxc4@aaa.com, 9lz, 010-1158-7511, 여
윤지진, 11, 4rcrixvy@aaa.com, grz, 010-7111-9771, 남
박주진, 82, ld56cz3l@aaa.com, ur4, 010-1082-7810, 남
임도준, 52, uu5svlcv@aaa.com, f6p, 010-1052-7910, 남
장도서, 98, 4rox1f6u@aaa.com, pk8, 010-0998-8109, 남
최채원, 74, whkiinb2@aaa.com, zwx, 010-0974-8209, 남
정도원, 56, 0uan4b0h@aaa.com, 24k, 010-0956-8309, 남
최채윤, 98, yp0ttolk@aaa.com, u7m, 010-0898-8508, 남
이채은, 66, n04tviff@aaa.com, z7e, 010-0866-8608, 남
장채진, 09, dxlwhmir@aaa.com, bim, 010-8709-.987, 여
이예연, 44, ravlxiw1@aaa.com, 33v, 010-8438-9384, 여
강지은, 82, pnau14t7@aaa.com, 1wd, 010-8082-9880, 여
임현준, 79, oovbzzf7@aaa.com, 76a, 010-0768-9007, 남
임민원, 36, 8d33ku73@aaa.com, wwd, 010-0736-9107, 여
정민후, 14, k5qx2moe@aaa.com, 4w6, 010-0714-9207, 남
조예호, 82, e9c0me5d@aaa.com, 5uu, 010-0682-9306, 남
김하진, 45, 3ezzi8gg@aaa.com, fag, 010-0645-9506, 여
이예진, 06, 29wa2pp1@aaa.com, idk, 010-0606-9606, 여
이지아, 86, 1vmdnbxg@aaa.com, bzx, 010-0586-9705, 여
임윤아, 32, 4s6vpp6s@aaa.com, ed1, 010-0532-9905, 남
임윤윤, 13, 73k9lms2@aaa.com, yqp, 010-0513-0005, 남
윤도후, 74, m4qo5ayg@aaa.com, leq, 010-4374-3943, 여
강지후, 83, zq6t7ugv@aaa.com, skz, 010-0483-0104, 남
정서후, 25, 4g8mp9ez@aaa.com, vzh, 010-0425-0304, 여
임주우, 98, sncwn9sk@aaa.com, 20v, 010-0398-0403, 여
조지후, 73, uofzxcvc@aaa.com, myb, 010-0373-0503, 여
장예서, 24, u6bf97u1@aaa.com, iot, 010-0324-0703, 여
박도우, 97, psrrlk7w@aaa.com, eyr, 010-0297-0802, 여
강하아, 68, zqs2bain@aaa.com, 8ir, 010-0245-1002, 남
박현은, 19, hu8tooss@aaa.com, puf, 010-0219-1102, 여
윤윤은, 55, sk189y7l@aaa.com, d3r, 010-0155-1301, 남
김채후, 01, caknq0z6@aaa.com, 41y, 010-1501-.015, 남
김윤은, 09, 0fs7rm9k@aaa.com, yl8, 010-4309-4043, 여
강지윤, 84, 29msytpw@aaa.com, hus, 010-0084-1600, 여
최현원, 37, nsleebi6@aaa.com, 4tf, 010-0037-1800, 여
박하후, 98, zqlk95gm@aaa.com, n31, 010-9998-1899, 여
박지아, 05, 88q3r6m5@aaa.com, leq, 010-0005-2000, 남
조도아, 42, 9beownov@aaa.com, 1ng, 010-9942-2099, 남
윤채아, 22, gntbzo1d@aaa.com, zfk, 010-9922-2199, 여
장예호, 89, 703xqovi@aaa.com, 5xd, 010-2989-0229, 남
강윤서, 59, e84k9dkn@aaa.com, sxm, 010-9859-2398, 여
임주아, 84, 2gyslpcd@aaa.com, l99, 010-4984-0249, 여
이주서, 81, m7dyxzrf@aaa.com, 1zh, 010-5981-0259, 남
장지연, 87, av9hokhz@aaa.com, 6ct, 010-4287-4142, 여
최지진, 83, p60u1n1y@aaa.com, wcn, 010-9783-2697, 남
정현우, 63, zsb1s1f9@aaa.com, fzz, 010-9763-2797, 여
조현은, 29, u3ttrznu@aaa.com, b4c, 010-9729-2897, 여
강민원, 02, htxzeshc@aaa.com, u4d, 010-9702-2997, 남
이지원, 67, 0ym3qbwb@aaa.com, f50, 010-0967-0309, 남
윤민원, 33, 378uusx3@aaa.com, 226, 010-9633-3296, 여
강지준, 08, qdwcz221@aaa.com, 5yd, 010-9608-3396, 여
김지우, 74, h9dfdf6i@aaa.com, mew, 010-9574-3495, 여
최주진, 52, 7w98r4du@aaa.com, cep, 010-6952-0369, 여
이하윤, 95, spn7aybx@aaa.com, 4dz, 010-3795-.037, 남
윤지은, 24, hueazkko@aaa.com, 9ba, 010-3424-9434, 여
이하준, 96, 4wcuioty@aaa.com, xmr, 010-1696-8416, 남
강현준, 66, qkznyg80@aaa.com, esx, 010-9466-3894, 남
김지준, 35, 83s04p4y@aaa.com, y6r, 010-9435-3994, 남
강지서, 05, f8aevfwm@aaa.com, 8nm, 010-9405-4094, 남
정예아, 78, 0kxs8ko2@aaa.com, yf4, 010-9358-4293, 여
임현진, 34, 4lbkvebt@aaa.com, l6x, 010-9334-4393, 여
정주후, 93, kazbyyzw@aaa.com, ta0, 010-4493-.044, 여
김지준, 75, 0ggdmb7x@aaa.com, qgc, 010-9275-4592, 남
최주호, 46, c18uu53k@aaa.com, ofq, 010-9246-4692, 여
임하서, 22, v3404mzy@aaa.com, u62, 010-7922-0479, 여
정예서, 17, r2gzz3hk@aaa.com, 5d8, 010-9917-0499, 여
조서윤, 08, pl9kq06q@aaa.com, dxw, 010-4208-4442, 남
임민호, 36, z0v12zzg@aaa.com, kgw, 010-9136-5091, 여
임현호, 06, 24k50z2k@aaa.com, coy, 010-9106-5191, 남
정채원, 06, wuhh9w6z@aaa.com, 9fe, 010-3906-0539, 남
박지준, 33, kbsnbf4g@aaa.com, svr, 010-9033-5490, 남
윤예연, 15, w10zc0t8@aaa.com, 7rk, 010-9015-5590, 여
장민서, 88, 1vmumnrh@aaa.com, 6rd, 010-8988-5689, 여
정서윤, 54, 1z8iwmo7@aaa.com, ko7, 010-8954-5789, 여
정채호, 25, z8kyosm7@aaa.com, e9q, 010-8925-5889, 여
최서서, 96, v649xue6@aaa.com, 569, 010-8896-5988, 여
장지원, 66, b83wp0l7@aaa.com, y19, 010-8866-6088, 남
임현윤, 84, 2a968oza@aaa.com, dfg, 010-6416-9464, 남
이서은, 27, gxc2iz0x@aaa.com, l3t, 010-8827-6288, 여
조서진, 02, o5ssi35d@aaa.com, p2t, 010-8802-6388, 남
강현아, 68, vcrsm32c@aaa.com, 0zz, 010-8768-6487, 여
김현우, 39, huqkw6bl@aaa.com, 500, 010-8739-6587, 여
박하우, 21, vq5zkxz9@aaa.com, u04, 010-8721-6687, 남
윤지아, 87, er0veb9f@aaa.com, a9i, 010-6787-.067, 남
임예우, 64, ivf6vzhn@aaa.com, ldi, 010-9864-0698, 여
이채호, 61, x0yo5baz@aaa.com, 04x, 010-0861-0708, 여
최예호, 55, 749rw5ct@aaa.com, c2b, 010-8555-7285, 남
장하연, 53, se40huko@aaa.com, 0d2, 010-3853-0738, 여
김주윤, 13, askhmley@aaa.com, ui1, 010-7413-9474, 남
강예아, 98, artuqzdg@aaa.com, ats, 010-8498-7484, 남
이서연, 46, oubguw8c@aaa.com, vae, 010-6846-0768, 남
조현윤, 27, gza4ci5w@aaa.com, frg, 010-8427-7784, 남
김서후, 68, 1qu2bgvz@aaa.com, a0n, 010-8368-7983, 남
이민아, 44, geknhtzc@aaa.com, irz, 010-8344-8083, 여
이도호, 04, 5vilzmfg@aaa.com, 3f9, 010-8304-8283, 남
박서준, 68, wl9sn2r7@aaa.com, 0pw, 010-8268-8382, 남
김예진, 36, cf0bd8kf@aaa.com, y7h, 010-8236-8482, 여
조민진, 77, 7rennzxn@aaa.com, f0p, 010-8177-8681, 남
박채준, 65, xskcmy6o@aaa.com, lon, 010-8165-8781, 남
윤지진, 98, kou9wrkw@aaa.com, pq7, 010-4198-4841, 여
조도준, 33, e4dhkdky@aaa.com, pg5, 010-8133-8881, 여
이예호, 84, fbumlu1u@aaa.com, 7dk, 010-8084-9080, 남
조예우, 52, qg6mex3a@aaa.com, ytf, 010-8052-9180, 여
최현연, 32, a37t1uwn@aaa.com, h1g, 010-8032-9280, 여
강채아, 76, 0yanaugk@aaa.com, a9x, 010-7976-9479, 남
김예우, 07, uz327za5@aaa.com, 0sk, 010-7907-9779, 남
임지원, 49, w9rov9zy@aaa.com, c4p, 010-7849-9978, 여
최채우, 78, 2khkeh0u@aaa.com, dee, 010-1778-1017, 남
김도호, 58, 8z7w4la7@aaa.com, dkg, 010-7758-0277, 남
윤도윤, 35, hns677ag@aaa.com, b13, 010-7735-0477, 여
조하윤, 85, 7ov0mlxf@aaa.com, 86q, 010-4085-4940, 남
조채우, 82, 7kp3qz6g@aaa.com, zkh, 010-7682-0576, 남
조예아, 19, 4isfe8wq@aaa.com, yva, 010-7619-0776, 여
장하원, 84, yg08lgs5@aaa.com, 2yi, 010-7584-0975, 여
정예호, 45, ey27bi0p@aaa.com, zhk, 010-7545-1075, 여
강지은, 27, zu2p8zhi@aaa.com, 3n3, 010-7527-1175, 여
강민연, 46, 5mihl1za@aaa.com, 64h, 010-3746-1137, 여
임윤원, 37, k1b0p7au@aaa.com, 91y, 010-7437-1474, 남
정하은, 13, pnqbb8g0@aaa.com, 84k, 010-7413-1574, 남
강윤준, 56, 7l4zyzzb@aaa.com, 7zu, 010-7356-1773, 남
조채호, 06, rb6xsti0@aaa.com, 9p7, 010-7406-1874, 여
이윤준, 54, ga7un4hf@aaa.com, df2, 010-4054-5040, 여
최채후, 02, ef24vf9d@aaa.com, e4i, 010-7302-1973, 여
이윤아, 48, f9zbvrq0@aaa.com, kg6, 010-7248-2172, 남
김하은, 24, 41him7od@aaa.com, s8o, 010-7224-2272, 남
조지준, 72, z1er15u6@aaa.com, 79t, 010-7172-2471, 여
박민은, 53, b7682h2q@aaa.com, ugd, 010-7153-2571, 여
이지연, 23, lqqokfqd@aaa.com, zhy, 010-7123-2671, 여
정민후, 57, vofo0qwg@aaa.com, tca, 010-7057-2870, 여
이현은, 28, adzxokbg@aaa.com, rug, 010-7028-2970, 남
박도후, 08, 7z2yudbq@aaa.com, 7so, 010-7008-3070, 남
김도아, 98, ugkr3gce@aaa.com, 8t5, 010-1698-1316, 남
최주원, 24, 9nnu6rnv@aaa.com, 08m, 010-9524-7.95, 여
임예윤, 32, u94kgea2@aaa.com, k29, 010-6932-3369, 여
조예아, 03, 3mnfhmxk@aaa.com, 3q3, 010-6903-3469, 여
정윤서, 83, tau1w5sl@aaa.com, ltz, 010-6883-3568, 여
정서원, 12, m37cbzah@aaa.com, zrz, 010-6812-3868, 남
이주연, 77, 4x923ozn@aaa.com, kli, 010-6677-4366, 남
최채진, 64, 28zveybi@aaa.com, 0fa, 010-4664-1446, 여
김도윤, 87, y4angcab@aaa.com, 50g, 010-6587-4665, 여
박주우, 28, 44amyvae@aaa.com, z3u, 010-6528-4865, 여
조하후, 85, kavh3q3n@aaa.com, ob0, 010-6185-6161, 여
최주준, 13, bez8t13m@aaa.com, 8cb, 010-6113-6461, 남
최도진, 96, 7b5liwwm@aaa.com, cfa, 010-3396-9533, 여
정지우, 26, ftbsvcta@aaa.com, z52, 010-5734-7857, 남
김지호, 49, eqfvy5nm@aaa.com, zfl, 010-7549-1875, 여
정윤아, 63, ovn46il2@aaa.com, uig, 010-5263-9652, 여
김예우, 23, aticp28e@aaa.com, euv, 010-5223-9852, 여
김하아, 77, f04czlk6@aaa.com, iq0, 010-5077-0350, 여
이지준, 18, sg7a4zw8@aaa.com, 17c, 010-5018-0550, 남
임주윤, 55, slu53bsz@aaa.com, iz8, 010-4955-0749, 여
최지준, 32, zxbg758v@aaa.com, led, 010-4932-0849, 여
윤채아, 66, dnebc0up@aaa.com, qsz, 010-4866-1148, 여
정지윤, 41, ih3zk41a@aaa.com, pya, 010-4841-1248, 남
장하진, 95, scxqw6xr@aaa.com, tbq, 010-4395-9543, 여
임지후, 83, pmmw6mzy@aaa.com, ekw, 010-4783-1447, 여
박도원, 38, cc9edk7h@aaa.com, e42, 010-4738-1647, 여
윤예호, 22, 0t0g08a5@aaa.com, rlk, 010-4722-2247, 남
정지원, 08, s16lk2zr@aaa.com, k1x, 010-4508-2445, 남
임도윤, 77, zo99zlda@aaa.com, dti, 010-4477-2544, 남
조예호, 43, uo78adaw@aaa.com, o69, 010-7443-2274, 남
김지은, 69, krkys09a@aaa.com, v5r, 010-4369-2943, 남
임민원, 51, hx28z3ox@aaa.com, 7n3, 010-4351-3043, 여
박지은, 95, bso2kpan@aaa.com, 2ro, 010-4295-3242, 여
강도우, 63, 2oy6utsl@aaa.com, e3i, 010-4263-3442, 남
강도윤, 07, tg6zwzvm@aaa.com, 2id, 010-3907-5539, 여
박현아, 93, zogmpf9u@aaa.com, w1l, 010-2693-8426, 여
박서아, 85, z4ny9k2q@aaa.com, qff, 010-4185-3641, 여
김주후, 38, ipbrz8d7@aaa.com, p5f, 010-4138-3841, 남
이예진, 04, zdrqqgm2@aaa.com, 0t8, 010-4104-3941, 여
윤민호, 48, ant2ev99@aaa.com, e6e, 010-4048-4140, 여
정지원, 96, r6iz83ns@aaa.com, wtt, 010-3996-4339, 여
최지원, 42, zsq9p4v5@aaa.com, aav, 010-3942-4539, 여
김윤후, 98, 47l3bap6@aaa.com, z7o, 010-3898-4738, 남
김주은, 93, 3qdmnr3b@aaa.com, asv, 010-3793-5137, 여
정현은, 46, v0u6128y@aaa.com, r60, 010-3746-5337, 남
장서은, 06, xap1e2s1@aaa.com, 1tx, 010-3406-6534, 남
윤지원, 94, xez9l78p@aaa.com, xt3, 010-3894-5638, 여
이지후, 54, akw0wq65@aaa.com, au3, 010-3354-6733, 여
강지준, 25, 0k8bmsfx@aaa.com, 6g0, 010-3325-6833, 남
정지은, 73, 5fvwtebh@aaa.com, kxh, 010-3273-7032, 여
박채연, 24, fc4ic79c@aaa.com, vh9, 010-3224-7232, 남
정주우, 32, 7npnmzyr@aaa.com, n1d, 010-7332-.273, 남
정하진, 43, ddbulu1u@aaa.com, it6, 010-3143-7531, 여
김주우, 82, fi65btol@aaa.com, 2q0, 010-3082-7730, 남
박서후, 57, xiznzhh4@aaa.com, 239, 010-2957-8229, 여
이채준, 94, astgk5ny@aaa.com, pl8, 010-2994-8329, 여
이채원, 71, s34ha2oz@aaa.com, q3a, 010-2871-8528, 여
임예후, 84, uxq5bmsf@aaa.com, 9gz, 010-3884-5738, 여
최지우, 22, i754ou9g@aaa.com, phn, 010-2822-8728, 여
최지후, 95, m7ozbd72@aaa.com, czm, 010-2795-8827, 여
장주윤, 61, g2nael4x@aaa.com, tkr, 010-2761-8927, 남
윤지우, 72, kcxsppgz@aaa.com, 3cg, 010-2472-0024, 남
장지준, 25, 02r415t3@aaa.com, 39d, 010-2425-0224, 여
임예아, 93, qbz7qpzg@aaa.com, k6b, 010-2393-0323, 여
조지서, 42, p9kapvfe@aaa.com, ahw, 010-2342-0523, 여
김하원, 29, 09lrzoqy@aaa.com, id5, 010-7229-3072, 남
강지연, 27, s2ecdx3c@aaa.com, 85w, 010-8227-3082, 남
정현호, 18, 7zp3lhrt@aaa.com, ncv, 010-1218-3112, 남
최서윤, 04, 8n0rii1v@aaa.com, t45, 010-3804-5938, 여
정채아, 29, kwk1e5qc@aaa.com, mrq, 010-2129-1321, 남
최주은, 72, sc5z1r3n@aaa.com, tvp, 010-2072-1520, 남
정예은, 88, 3ha3uvkb@aaa.com, x7m, 010-2088-1620, 여
장서준, 82, h1e2z1ub@aaa.com, yl2, 010-3182-9.31, 남
최도아, 65, d7goe8ta@aaa.com, 3yy, 010-1965-1919, 여
이윤후, 06, drdhznvz@aaa.com, yqs, 010-1906-2119, 남
임지우, 84, 5k7xn8g4@aaa.com, 90i, 010-1884-2218, 여
이지호, 35, vqk00h6a@aaa.com, bxz, 010-1835-2418, 남
윤민윤, 15, ztnum6xk@aaa.com, dg4, 010-1815-2518, 남
김민윤, 75, 4k574t4k@aaa.com, lc8, 010-7175-3271, 남
윤지호, 75, 1zd5d0h4@aaa.com, 0ft, 010-3755-6137, 남
정윤원, 02, axxdnkry@aaa.com, ood, 010-1702-2917, 남
최도아, 64, 5562tqkb@aaa.com, 6rb, 010-1764-3017, 남
윤예아, 24, c6fvs899@aaa.com, i9w, 010-1624-3216, 여
임도윤, 92, sroo3x5e@aaa.com, tq1, 010-1592-3315, 여
장지호, 63, lcie6ode@aaa.com, 9rt, 010-1563-3415, 남
박주우, 11, 4aa1icvd@aaa.com, o3g, 010-1511-3615, 남
윤하서, 82, ax54mzw1@aaa.com, aqa, 010-1482-3714, 여
장지서, 53, ukwphb17@aaa.com, 6ai, 010-1453-3814, 남
강서아, 26, vgyp8z3b@aaa.com, 5ku, 010-1426-3914, 여
강예진, 98, 1t1n6aew@aaa.com, qnl, 010-1398-4113, 여
조지윤, 44, d66lqnm2@aaa.com, d8v, 010-3744-6237, 여
정채원, 32, 6xzlgo0x@aaa.com, lbt, 010-1332-4313, 남
조도원, 05, dxdeokl2@aaa.com, v8g, 010-1305-4413, 여
박예아, 56, y6thnnyc@aaa.com, aqq, 010-1256-4612, 남
강민준, 22, 7aprt4ef@aaa.com, cgw, 010-1222-4712, 남
윤서우, 44, 14y78gt2@aaa.com, 9zi, 010-1244-4912, 남
최채준, 15, 6gec8e0s@aaa.com, lpu, 010-0115-3501, 남
장서아, 01, 6fcz8qoz@aaa.com, gch, 010-1101-5211, 남
정윤준, 07, k32f9937@aaa.com, b8c, 010-3107-3531, 여
장민원, 43, fcw7ktsf@aaa.com, 7zn, 010-1043-5410, 남
강민진, 98, 8ll8z72e@aaa.com, h5e, 010-6098-3560, 남
정채우, 91, 14q7ssl7@aaa.com, 2hw, 010-3691-6336, 여
윤도서, 96, zz2fvzvy@aaa.com, lef, 010-7096-3570, 여
박윤우, 15, 3e91wotw@aaa.com, s6h, 010-0915-5909, 남
장윤윤, 76, 3mn1ec1w@aaa.com, vs8, 010-0876-6008, 남
이채호, 86, agu0xahe@aaa.com, e91, 010-1086-3610, 남
강도진, 49, ogyoy5l8@aaa.com, bu6, 010-0886-6308, 여
정현진, 83, z8e6hskp@aaa.com, q7v, 010-0783-6407, 남
장하준, 74, k9y7a9qm@aaa.com, 851, 010-5074-3650, 여
강채후, 27, uzpegvh7@aaa.com, aen, 010-0727-6607, 여
김지후, 88, g07npz6t@aaa.com, 4cl, 010-0688-6706, 남
임주준, 87, zzzbg1iu@aaa.com, z35, 010-0687-6806, 남
장서원, 67, vo2wzq95@aaa.com, 17w, 010-3667-6436, 여
조하후, 65, nycqmcne@aaa.com, 3b5, 010-9065-3690, 여
임예은, 92, khl3otze@aaa.com, 628, 010-0592-7105, 남
조도서, 84, q82u1otn@aaa.com, 0yn, 010-0584-7205, 남
장서준, 09, mt5y9vvv@aaa.com, qta, 010-0509-7405, 여
장민은, 16, efzerign@aaa.com, dyx, 010-3916-4239, 남
이도호, 53, ve37ubw0@aaa.com, 8h9, 010-9153-2491, 여
조서진, 13, 3ix0g125@aaa.com, 8z1, 010-5913-4259, 여
이지호, 04, 9mwoxr78@aaa.com, 2g8, 010-9104-2691, 여
이하호, 72, z6f544be@aaa.com, 6up, 010-9072-2790, 여
김서준, 62, 4de7gy5c@aaa.com, 16o, 010-9062-2890, 남
임서은, 45, 7mudwnfk@aaa.com, rmh, 010-3645-6536, 여
이지서, 18, r1f3ezyc@aaa.com, apt, 010-9018-2990, 남
박민서, 91, g00byg3z@aaa.com, 6w7, 010-8991-3089, 여
장현호, 67, 0g9glor2@aaa.com, 69z, 010-8967-3189, 여
김지우, 13, 5iuydexm@aaa.com, pq3, 010-8913-3389, 남
정민원, 54, 51bzh1ka@aaa.com, t3c, 010-8854-3588, 남
정도진, 82, 5kwby3ld@aaa.com, k13, 010-8788-3787, 여
강지원, 64, 6lsdydzh@aaa.com, q7g, 010-8764-3887, 남
김지우, 63, 6oixfuzg@aaa.com, acs, 010-8731-4087, 여
최지우, 78, 92zp8580@aaa.com, ei6, 010-8678-4186, 여
박예원, 48, gx7ha8ah@aaa.com, qfs, 010-8648-4386, 여
이주준, 79, l759hx6x@aaa.com, u1z, 010-3579-6735, 여
조하호, 02, 8u0t0gel@aaa.com, dmz, 010-8602-4486, 여
이예서, 65, bte77078@aaa.com, bxw, 010-8565-4685, 남
임지서, 02, zfzer61z@aaa.com, xk6, 010-8502-4885, 여
이주서, 77, vf4z5u8o@aaa.com, wsp, 010-8477-4984, 남
윤지후, 83, dzlv5esg@aaa.com, xo8, 010-8483-5184, 여
박민서, 87, wzmaqi2r@aaa.com, 8zr, 010-8387-5283, 남
윤지우, 52, q0mutq1p@aaa.com, 23z, 010-8352-5483, 여
윤주서, 32, 22ag1g1y@aaa.com, w5c, 010-8332-5583, 여
김주서, 52, c0g5h6zg@aaa.com, mz4, 010-8252-5782, 남
조채진, 46, kqzd7zae@aaa.com, n5e, 010-8246-5882, 여
박도준, 57, 8w9rl8t6@aaa.com, c3q, 010-3557-6835, 남
윤도준, 87, h0sgdzx0@aaa.com, 50n, 010-4687-8446, 남